{"inputs": [{"shape": {"batch": 100, "height": 1, "width": 1, "channels": 3}, "name": "inputFeature", "data": [-3.172849178314209, 4.006314754486084, 8.112639427185059, -3.122849225997925, 4.006314754486084, 8.112639427185059, -3.0728492736816406, 4.006314754486084, 8.112639427185059, -3.0228493213653564, 4.006314754486084, 8.112639427185059, -2.9728493690490723, 4.006314754486084, 8.112639427185059, -2.922849416732788, 4.006314754486084, 8.112639427185059, -3.2728490829467773, 4.006314754486084, 8.162639617919922, -3.222849130630493, 4.006314754486084, 8.162639617919922, -3.172849178314209, 4.006314754486084, 8.162639617919922, -3.122849225997925, 4.006314754486084, 8.162639617919922, -3.0728492736816406, 4.006314754486084, 8.162639617919922, -3.0228493213653564, 4.006314754486084, 8.162639617919922, -2.9728493690490723, 4.006314754486084, 8.162639617919922, -2.922849416732788, 4.006314754486084, 8.162639617919922, -2.872849464416504, 4.006314754486084, 8.162639617919922, -2.8228495121002197, 4.006314754486084, 8.162639617919922, -3.3728489875793457, 4.006314754486084, 8.212639808654785, -3.3228490352630615, 4.006314754486084, 8.212639808654785, -3.2728490829467773, 4.006314754486084, 8.212639808654785, -3.222849130630493, 4.006314754486084, 8.212639808654785, -3.172849178314209, 4.006314754486084, 8.212639808654785, -3.122849225997925, 4.006314754486084, 8.212639808654785, -3.0728492736816406, 4.006314754486084, 8.212639808654785, -3.0228493213653564, 4.006314754486084, 8.212639808654785, -2.9728493690490723, 4.006314754486084, 8.212639808654785, -2.922849416732788, 4.006314754486084, 8.212639808654785, -2.872849464416504, 4.006314754486084, 8.212639808654785, -2.8228495121002197, 4.006314754486084, 8.212639808654785, -2.7728495597839355, 4.006314754486084, 8.212639808654785, -2.7228496074676514, 4.006314754486084, 8.212639808654785, -3.42284893989563, 4.006314754486084, 8.262639999389648, -3.3728489875793457, 4.006314754486084, 8.262639999389648, -3.3228490352630615, 4.006314754486084, 8.262639999389648, -3.2728490829467773, 4.006314754486084, 8.262639999389648, -3.222849130630493, 4.006314754486084, 8.262639999389648, -3.172849178314209, 4.006314754486084, 8.262639999389648, -3.122849225997925, 4.006314754486084, 8.262639999389648, -3.0728492736816406, 4.006314754486084, 8.262639999389648, -3.0228493213653564, 4.006314754486084, 8.262639999389648, -2.9728493690490723, 4.006314754486084, 8.262639999389648, -2.922849416732788, 4.006314754486084, 8.262639999389648, -2.872849464416504, 4.006314754486084, 8.262639999389648, -2.8228495121002197, 4.006314754486084, 8.262639999389648, -2.7728495597839355, 4.006314754486084, 8.262639999389648, -2.7228496074676514, 4.006314754486084, 8.262639999389648, -2.672849655151367, 4.006314754486084, 8.262639999389648, -3.42284893989563, 4.006314754486084, 8.312640190124512, -3.3728489875793457, 4.006314754486084, 8.312640190124512, -3.3228490352630615, 4.006314754486084, 8.312640190124512, -3.2728490829467773, 4.006314754486084, 8.312640190124512, -3.222849130630493, 4.006314754486084, 8.312640190124512, -3.172849178314209, 4.006314754486084, 8.312640190124512, -3.122849225997925, 4.006314754486084, 8.312640190124512, -3.0728492736816406, 4.006314754486084, 8.312640190124512, -3.0228493213653564, 4.006314754486084, 8.312640190124512, -2.9728493690490723, 4.006314754486084, 8.312640190124512, -2.922849416732788, 4.006314754486084, 8.312640190124512, -2.872849464416504, 4.006314754486084, 8.312640190124512, -2.8228495121002197, 4.006314754486084, 8.312640190124512, -2.7728495597839355, 4.006314754486084, 8.312640190124512, -2.7228496074676514, 4.006314754486084, 8.312640190124512, -2.672849655151367, 4.006314754486084, 8.312640190124512, -3.472848892211914, 4.006314754486084, 8.362640380859375, -3.42284893989563, 4.006314754486084, 8.362640380859375, -3.3728489875793457, 4.006314754486084, 8.362640380859375, -3.3228490352630615, 4.006314754486084, 8.362640380859375, -3.2728490829467773, 4.006314754486084, 8.362640380859375, -3.222849130630493, 4.006314754486084, 8.362640380859375, -3.172849178314209, 4.006314754486084, 8.362640380859375, -3.122849225997925, 4.006314754486084, 8.362640380859375, -3.0728492736816406, 4.006314754486084, 8.362640380859375, -3.0228493213653564, 4.006314754486084, 8.362640380859375, -2.9728493690490723, 4.006314754486084, 8.362640380859375, -2.922849416732788, 4.006314754486084, 8.362640380859375, -2.872849464416504, 4.006314754486084, 8.362640380859375, -2.8228495121002197, 4.006314754486084, 8.362640380859375, -2.7728495597839355, 4.006314754486084, 8.362640380859375, -2.7228496074676514, 4.006314754486084, 8.362640380859375, -2.672849655151367, 4.006314754486084, 8.362640380859375, -2.622849702835083, 4.006314754486084, 8.362640380859375, -3.472848892211914, 4.006314754486084, 8.412640571594238, -3.42284893989563, 4.006314754486084, 8.412640571594238, -3.3728489875793457, 4.006314754486084, 8.412640571594238, -3.3228490352630615, 4.006314754486084, 8.412640571594238, -3.2728490829467773, 4.006314754486084, 8.412640571594238, -3.222849130630493, 4.006314754486084, 8.412640571594238, -3.172849178314209, 4.006314754486084, 8.412640571594238, -3.122849225997925, 4.006314754486084, 8.412640571594238, -3.0728492736816406, 4.006314754486084, 8.412640571594238, -3.0228493213653564, 4.006314754486084, 8.412640571594238, -2.9728493690490723, 4.006314754486084, 8.412640571594238, -2.922849416732788, 4.006314754486084, 8.412640571594238, -2.872849464416504, 4.006314754486084, 8.412640571594238, -2.8228495121002197, 4.006314754486084, 8.412640571594238, -2.7728495597839355, 4.006314754486084, 8.412640571594238, -2.7228496074676514, 4.006314754486084, 8.412640571594238, -2.672849655151367, 4.006314754486084, 8.412640571594238, -2.622849702835083, 4.006314754486084, 8.412640571594238, -3.5228488445281982, 4.006314754486084, 8.462640762329102, -3.472848892211914, 4.006314754486084, 8.462640762329102]}]}