{"inputs": [{"shape": {"batch": 100, "height": 1, "width": 1, "channels": 3}, "name": "inputFeature", "data": [0.0, -0.19619999825954437, 0.0, 0.0, -0.19619999825954437, 0.0, 0.0, -0.19619999825954437, 0.0, 0.0, -0.19619999825954437, 0.0, 0.0, -0.19619999825954437, 0.0, 0.0, -0.19619999825954437, 0.0, 0.0, -0.19619999825954437, 0.0, 0.0, -0.19619999825954437, 0.0, 0.0, -0.19619999825954437, 0.0, 0.0, -0.19619999825954437, 0.0, 0.0, -0.19619999825954437, 0.0, 0.0, -0.19619999825954437, 0.0, 0.0, -0.19619999825954437, 0.0, 0.0, -0.19619999825954437, 0.0, 0.0, -0.19619999825954437, 0.0, 0.0, -0.19619999825954437, 0.0, 0.0, -0.19619999825954437, 0.0, 0.0, -0.19619999825954437, 0.0, 0.0, -0.19619999825954437, 0.0, 0.0, -0.19619999825954437, 0.0, 0.0, -0.19619999825954437, 0.0, 0.0, -0.19619999825954437, 0.0, 0.0, -0.19619999825954437, 0.0, 0.0, -0.19619999825954437, 0.0, 0.0, -0.19619999825954437, 0.0, 0.0, -0.19619999825954437, 0.0, 0.0, -0.19619999825954437, 0.0, 0.0, -0.19619999825954437, 0.0, 0.0, -0.19619999825954437, 0.0, 0.0, -0.19619999825954437, 0.0, 0.0, -0.19619999825954437, 0.0, 0.0, -0.19619999825954437, 0.0, 0.0, -0.19619999825954437, 0.0, 0.0, -0.19619999825954437, 0.0, 0.0, -0.19619999825954437, 0.0, 0.0, -0.19619999825954437, 0.0, 0.0, -0.19619999825954437, 0.0, 0.0, -0.19619999825954437, 0.0, 0.0, -0.19619999825954437, 0.0, 0.0, -0.19619999825954437, 0.0, 0.0, -0.19619999825954437, 0.0, 0.0, -0.19619999825954437, 0.0, 0.0, -0.19619999825954437, 0.0, 0.0, -0.19619999825954437, 0.0, 0.0, -0.19619999825954437, 0.0, 0.0, -0.19619999825954437, 0.0, 0.0, -0.19619999825954437, 0.0, 0.0, -0.19619999825954437, 0.0, 0.0, -0.19619999825954437, 0.0, 0.0, -0.19619999825954437, 0.0, 0.0, -0.19619999825954437, 0.0, 0.0, -0.19619999825954437, 0.0, 0.0, -0.19619999825954437, 0.0, 0.0, -0.19619999825954437, 0.0, 0.0, -0.19619999825954437, 0.0, 0.0, -0.19619999825954437, 0.0, 0.0, -0.19619999825954437, 0.0, 0.0, -0.19619999825954437, 0.0, 0.0, -0.19619999825954437, 0.0, 0.0, -0.19619999825954437, 0.0, 0.0, -0.19619999825954437, 0.0, 0.0, -0.19619999825954437, 0.0, 0.0, -0.19619999825954437, 0.0, 0.0, -0.19619999825954437, 0.0, 0.0, -0.19619999825954437, 0.0, 0.0, -0.19619999825954437, 0.0, 0.0, -0.19619999825954437, 0.0, 0.0, -0.19619999825954437, 0.0, 0.0, -0.19619999825954437, 0.0, 0.0, -0.19619999825954437, 0.0, 0.0, -0.19619999825954437, 0.0, 0.0, -0.19619999825954437, 0.0, 0.0, -0.19619999825954437, 0.0, 0.0, -0.19619999825954437, 0.0, 0.0, -0.19619999825954437, 0.0, 0.0, -0.19619999825954437, 0.0, 0.0, -0.19619999825954437, 0.0, 0.0, -0.19619999825954437, 0.0, 0.0, -0.19619999825954437, 0.0, 0.0, -0.19619999825954437, 0.0, 0.0, -0.19619999825954437, 0.0, 0.0, -0.19619999825954437, 0.0, 0.0, -0.19619999825954437, 0.0, 0.0, -0.19619999825954437, 0.0, 0.0, -0.19619999825954437, 0.0, 0.0, -0.19619999825954437, 0.0, 0.0, -0.19619999825954437, 0.0, 0.0, -0.19619999825954437, 0.0, 0.0, -0.19619999825954437, 0.0, 0.0, -0.19619999825954437, 0.0, 0.0, -0.19619999825954437, 0.0, 0.0, -0.19619999825954437, 0.0, 0.0, -0.19619999825954437, 0.0, 0.0, -0.19619999825954437, 0.0, 0.0, -0.19619999825954437, 0.0, 0.0, -0.19619999825954437, 0.0, 0.0, -0.19619999825954437, 0.0, 0.0, -0.19619999825954437, 0.0, 0.0, -0.19619999825954437, 0.0, 0.0, -0.19619999825954437, 0.0]}]}