{"inputs": [{"shape": {"batch": 100, "height": 1, "width": 1, "channels": 3}, "name": "inputFeature", "data": [-1.1916010407730937e-05, -0.0005309985717758536, 3.206445398973301e-05, -5.408037395682186e-05, -0.0005219434387981892, 3.16597506753169e-05, -5.966592289041728e-05, -0.0005263213533908129, 3.7628891732310876e-05, -5.254200004856102e-05, -0.0005378838395699859, 3.29085232806392e-05, -5.693212369806133e-05, -0.0005471836775541306, 4.279250424588099e-05, -8.3667560829781e-05, -0.0005776959005743265, 5.967606193735264e-05, -1.9830822566291317e-05, -0.0005189549992792308, 3.4014352422673255e-05, -3.492470568744466e-05, -0.00048037234228104353, -2.7934976969845593e-05, -3.050602026632987e-05, -0.00044890373828820884, -2.024272362177726e-05, -2.4703720555407926e-05, -0.0004715368850156665, -2.8927763196406886e-05, -2.464586214045994e-05, -0.00046832108637318015, -2.6163945221924223e-05, -2.1429503249237314e-05, -0.00047732805251143873, -2.5004510462167673e-05, -1.189825707115233e-05, -0.0004985747509635985, -1.4368659321917221e-05, -4.991103196516633e-06, -0.000520834350027144, 2.7478981792228296e-06, -4.7268586058635265e-05, -0.0005580078577622771, 4.146214632783085e-05, -8.334199083037674e-05, -0.0005756589234806597, 5.700550173060037e-05, -7.361642929026857e-06, -0.0005274300929158926, 3.193537122569978e-05, -2.8655209462158382e-05, -0.00048231869004666805, -3.168891998939216e-05, -3.0142367904772982e-05, -0.00043847967754118145, -2.7263633455731906e-05, -2.6170153432758525e-05, -0.0004336595011409372, -1.7345111700706184e-05, -2.6160087145399302e-06, -0.0003739421663340181, -8.38473170006182e-06, 6.394646334229037e-06, -0.00034837680868804455, -2.3396205506287515e-06, 5.4763459047535434e-06, -0.0003537170705385506, -7.485472451662645e-06, 4.362393156043254e-06, -0.000359466765075922, -1.0660638508852571e-05, 3.1631952879251912e-06, -0.0003650984144769609, -1.0639476386131719e-05, -1.1758813343476504e-05, -0.0003983898204751313, -1.8693439415073954e-05, -1.1989017366431653e-05, -0.00045372004387900233, -7.1209051384357736e-06, -5.417574357124977e-06, -0.0005170729709789157, 7.509041097364388e-06, -5.112634607939981e-05, -0.0005762677174061537, 4.265180177753791e-05, -7.394541898975149e-05, -0.0006122629856690764, 5.4526026360690594e-05, 1.7062597180483863e-05, -0.00048174022231251, 2.850392775144428e-06, -2.1864063455723226e-05, -0.00045104484888724983, -2.6396875909995288e-05, -2.4241227947641164e-05, -0.0004480548668652773, -2.301126551174093e-05, 4.78699803352356e-07, -0.0003860097494907677, -1.3724611562793143e-05, 1.2542950571514666e-06, -0.0003528268134687096, 1.0036674211733043e-06, -5.390989826992154e-06, -0.0003483765758574009, 1.2290656741242856e-05, -8.241931936936453e-06, -0.0003492308023851365, 1.4490680769085884e-05, -8.09434277471155e-06, -0.00035024117096327245, 1.3155819033272564e-05, -9.475563274463639e-06, -0.0003520172613207251, 1.288537896471098e-05, -5.596262781182304e-06, -0.0003574275760911405, 1.1448133591329679e-05, 2.393935574218631e-06, -0.0003692993486765772, -4.752655513584614e-08, 5.945064913248643e-06, -0.0003837172989733517, -1.419359614374116e-05, -9.659146599005908e-06, -0.00042145291808992624, -2.3960708858794533e-05, -4.7221201384672895e-06, -0.0004961799713782966, -8.590299330535345e-06, -1.1729676771210507e-05, -0.0005754196899943054, 4.8406669520772994e-05, -7.686284516239539e-05, -0.000645542866550386, 4.444494697963819e-05, 7.535410986747593e-06, -0.00045759568456560373, -1.2077760402462445e-05, -1.2329688615864143e-05, -0.00045999870053492486, -1.324790355283767e-05, 6.0376150941010565e-06, -0.000397897616494447, 6.26722612651065e-06, 3.2010793802328408e-06, -0.0003953463165089488, 1.5835823433008045e-05, -1.026579411700368e-06, -0.0003969043609686196, 1.7499958630651236e-05, -9.504292393103242e-07, -0.00039548560744151473, 1.661194983171299e-05, -1.153792254626751e-06, -0.0003943151968996972, 1.6223530110437423e-05, -1.1661613825708628e-06, -0.0003940903698094189, 1.5552119293715805e-05, -1.179298124043271e-06, -0.000394531583879143, 1.5199999324977398e-05, -7.817616278771311e-07, -0.00039601538446731865, 1.5036835975479335e-05, -7.610069587826729e-07, -0.0003995533334091306, 1.4800651115365326e-05, 2.7350106392987072e-06, -0.00040739020914770663, 1.3278542610350996e-05, 9.11461393116042e-06, -0.0004226875607855618, 2.2835229174233973e-06, 2.885002686525695e-05, -0.0004510874568950385, -1.1952066415688023e-05, 7.730268407613039e-07, -0.0005220453604124486, 2.6942361728288233e-06, -2.6741592591861263e-05, -0.000617842364590615, 3.735507561941631e-05, 1.6938784028752707e-05, -0.00047635583905503154, -1.2002492439933121e-05, -1.1547901522135362e-05, -0.000451470201369375, 4.0931598050519824e-05, -2.4424178263871e-05, -0.00040099717443808913, 5.933436841587536e-05, -2.4934390239650384e-05, -0.00039247277891263366, 4.993971379008144e-05, -2.5153498427243903e-05, -0.00039464913425035775, 5.167976996744983e-05, -2.6236953999614343e-05, -0.00039444142021238804, 5.093557410873473e-05, -2.6379941118648276e-05, -0.00039381172973662615, 5.0253998779226094e-05, -2.640537786646746e-05, -0.0003936704306397587, 4.9864906031871215e-05, -2.6392914151074365e-05, -0.0003937009605579078, 4.9789137847255915e-05, -2.6392841391498223e-05, -0.0003937323926948011, 4.978694050805643e-05, -2.638181103975512e-05, -0.0003940336173400283, 4.984753468306735e-05, -2.635819691931829e-05, -0.00039465815643779933, 4.9844791647046804e-05, -2.611989839351736e-05, -0.0003964863426517695, 4.966994310962036e-05, -2.60982196778059e-05, -0.0004018371691927314, 4.761207674164325e-05, -2.7578669687500224e-05, -0.0004120510129723698, 4.987092688679695e-05, -1.3372282410273328e-05, -0.000440269272075966, 3.679797737277113e-05, -1.5787119991728105e-05, -0.0005132682272233069, 3.615833702497184e-05, -4.840957990381867e-05, -0.0005863264668732882, 1.5074181646923535e-05, 4.2270061385352165e-05, -0.0004944444517605007, 3.84746708732564e-05, 3.0427161618717946e-05, -0.00047652923967689276, 2.7820620744023472e-05, 5.4938383982516825e-05, -0.0004292873782105744, -3.4563308872748166e-05, 4.722060839412734e-05, -0.00043804850429296494, -4.6179127821233124e-05, 4.662650462705642e-05, -0.0004388072993606329, -4.832766717299819e-05, 4.633391654351726e-05, -0.00043878890573978424, -4.8919413529802114e-05, 4.635431832866743e-05, -0.0004388000234030187, -4.8975540266837925e-05, 4.635939694708213e-05, -0.00043880398152396083, -4.898251063423231e-05, 4.635983350453898e-05, -0.00043880383600480855, -4.8983594751916826e-05, 4.635982622858137e-05, -0.00043880395242013037, -4.898360202787444e-05, 4.635970981325954e-05, -0.00043880558223463595, -4.8982554289978e-05, 4.6362183638848364e-05, -0.00043884245678782463, -4.896691825706512e-05, 4.6388675400521606e-05, -0.00043929379899054766, -4.887732211500406e-05, 4.562528192764148e-05, -0.00044060967047698796, -4.788272053701803e-05, 4.533145693130791e-05, -0.0004439381300471723, -4.958984936820343e-05, 3.681873204186559e-05, -0.00045174406841397285, -5.072216299595311e-05, 3.1567091355100274e-05, -0.0004914718447253108, -4.671492206398398e-05, -1.4795734387007542e-05, -0.0005883296253159642, -3.7244943086989224e-05, 3.0025054002180696e-05, -0.0005915880319662392, -4.150178938289173e-06, 9.568347195454407e-06, -0.0005450786557048559, -2.183553260692861e-05]}]}