{"inputs": [{"shape": {"batch": 100, "height": 1, "width": 1, "channels": 3}, "name": "inputFeature", "data": [-3.172861099243164, 4.005783557891846, 8.112671852111816, -3.122903347015381, 4.005792617797852, 8.1126708984375, -3.072908878326416, 4.005788326263428, 8.112676620483398, -3.022901773452759, 4.005776882171631, 8.112672805786133, -2.9729063510894775, 4.005767345428467, 8.112682342529297, -2.9229331016540527, 4.005736827850342, 8.112699508666992, -3.2728688716888428, 4.005795955657959, 8.162673950195312, -3.222883939743042, 4.005834579467773, 8.162611961364746, -3.172879695892334, 4.005866050720215, 8.162619590759277, -3.1228740215301514, 4.005843162536621, 8.16261100769043, -3.072873830795288, 4.0058465003967285, 8.162613868713379, -3.0228707790374756, 4.005837440490723, 8.162614822387695, -2.9728612899780273, 4.0058159828186035, 8.162625312805176, -2.922854423522949, 4.005794048309326, 8.162642478942871, -2.872896671295166, 4.005756855010986, 8.162680625915527, -2.8229329586029053, 4.005739212036133, 8.162696838378906, -3.372856378555298, 4.005787372589111, 8.212671279907227, -3.3228776454925537, 4.005832672119141, 8.212608337402344, -3.272879123687744, 4.005876064300537, 8.21261215209961, -3.2228753566741943, 4.005881309509277, 8.21262264251709, -3.172851800918579, 4.005940914154053, 8.212631225585938, -3.122842788696289, 4.0059661865234375, 8.212637901306152, -3.0728437900543213, 4.005960941314697, 8.212632179260254, -3.0228450298309326, 4.005955219268799, 8.212629318237305, -2.972846269607544, 4.0059494972229, 8.212629318237305, -2.922861099243164, 4.005916595458984, 8.212620735168457, -2.872861385345459, 4.005860805511475, 8.21263313293457, -2.822854995727539, 4.005797863006592, 8.212647438049316, -2.7729005813598633, 4.005738258361816, 8.212682723999023, -2.722923517227173, 4.005702495574951, 8.21269416809082, -3.4228317737579346, 4.005833148956299, 8.262642860412598, -3.372870922088623, 4.005863666534424, 8.262613296508789, -3.32287335395813, 4.005866527557373, 8.262617111206055, -3.272848606109619, 4.0059285163879395, 8.262626647949219, -3.2228479385375977, 4.005961894989014, 8.262640953063965, -3.1728546619415283, 4.0059661865234375, 8.262652397155762, -3.1228575706481934, 4.005965709686279, 8.262654304504395, -3.07285737991333, 4.005964279174805, 8.262653350830078, -3.0228588581085205, 4.00596284866333, 8.262653350830078, -2.9728548526763916, 4.005957126617432, 8.262651443481445, -2.922847032546997, 4.005945682525635, 8.262639999389648, -2.8728435039520264, 4.0059309005737305, 8.262625694274902, -2.822859287261963, 4.005893230438232, 8.262616157531738, -2.7728543281555176, 4.0058183670043945, 8.2626314163208, -2.7228612899780273, 4.005739212036133, 8.262688636779785, -2.672926425933838, 4.005669116973877, 8.26268482208252, -3.4228413105010986, 4.005856990814209, 8.312627792358398, -3.372861385345459, 4.005854606628418, 8.312626838684082, -3.322843074798584, 4.005917072296143, 8.312646865844727, -3.272845983505249, 4.005919456481934, 8.31265640258789, -3.2228500843048096, 4.005918025970459, 8.312657356262207, -3.1728501319885254, 4.005919456481934, 8.31265640258789, -3.1228504180908203, 4.00592041015625, 8.31265640258789, -3.072850465774536, 4.005920886993408, 8.312655448913574, -3.022850513458252, 4.00592041015625, 8.312655448913574, -2.9728500843048096, 4.005918502807617, 8.312655448913574, -2.9228501319885254, 4.00591516494751, 8.312655448913574, -2.872846841812134, 4.0059075355529785, 8.312653541564941, -2.822840452194214, 4.005892276763916, 8.312642097473145, -2.7728207111358643, 4.005863666534424, 8.312627792358398, -2.722848892211914, 4.005792617797852, 8.312643051147461, -2.6728763580322266, 4.005696773529053, 8.312677383422852, -3.472831964492798, 4.005838394165039, 8.362627983093262, -3.4228603839874268, 4.005863189697266, 8.36268138885498, -3.372873306274414, 4.005913734436035, 8.362699508666992, -3.322874069213867, 4.005922317504883, 8.362689971923828, -3.272874355316162, 4.005919933319092, 8.362691879272461, -3.2228753566741943, 4.00592041015625, 8.362690925598145, -3.1728756427764893, 4.005920886993408, 8.362690925598145, -3.122875690460205, 4.005920886993408, 8.362689971923828, -3.072875738143921, 4.005920886993408, 8.362689971923828, -3.0228757858276367, 4.005920886993408, 8.362689971923828, -2.9728758335113525, 4.005920886993408, 8.362689971923828, -2.9228758811950684, 4.005919933319092, 8.362689971923828, -2.872875690460205, 4.005918502807617, 8.362689971923828, -2.822875499725342, 4.005912780761719, 8.362688064575195, -2.7728772163391113, 4.0059027671813965, 8.362689971923828, -2.722862958908081, 4.0058746337890625, 8.362677574157715, -2.672865390777588, 4.005801677703857, 8.362676620483398, -2.6228981018066406, 4.005728244781494, 8.362655639648438, -3.472806692123413, 4.005820274353027, 8.412678718566895, -3.422818422317505, 4.005838394165039, 8.412668228149414, -3.3727941513061523, 4.005885601043701, 8.412606239318848, -3.3228018283843994, 4.005876541137695, 8.41259479522705, -3.2728023529052734, 4.005876064300537, 8.412591934204102, -3.2228028774261475, 4.005876064300537, 8.412591934204102, -3.1728029251098633, 4.005876064300537, 8.412591934204102, -3.122802972793579, 4.005876064300537, 8.412591934204102, -3.072803020477295, 4.005876064300537, 8.412591934204102, -3.0228030681610107, 4.005876064300537, 8.412591934204102, -2.9728031158447266, 4.005876064300537, 8.412591934204102, -2.9228031635284424, 4.005876064300537, 8.412591934204102, -2.872802972793579, 4.005875587463379, 8.412591934204102, -2.8228039741516113, 4.005874156951904, 8.412592887878418, -2.7728042602539062, 4.005870819091797, 8.412590980529785, -2.7228128910064697, 4.005863189697266, 8.412590026855469, -2.672818183898926, 4.005823135375977, 8.412593841552734, -2.6228644847869873, 4.005726337432861, 8.412603378295898, -3.5228188037872314, 4.005722999572754, 8.462636947631836, -3.47283935546875, 4.005769729614258, 8.462618827819824]}]}