{"inputs": [{"shape": {"batch": 100, "height": 1, "width": 1, "channels": 3}, "name": "inputFeature", "data": [-0.0005960464477539062, -0.12466907501220703, 0.001621246337890625, -0.0027060508728027344, -0.12421607971191406, 0.0015735626220703125, -0.0029802322387695312, -0.12443065643310547, 0.0018596649169921875, -0.0026226043701171875, -0.12500286102294922, 0.0016689300537109375, -0.002849102020263672, -0.12547969818115234, 0.0021457672119140625, -0.004184246063232422, -0.12700557708740234, 0.0030040740966796875, -0.0009894371032714844, -0.12404918670654297, 0.00171661376953125, -0.0017404556274414062, -0.12211799621582031, -0.0013828277587890625, -0.00152587890625, -0.12054443359375, -0.0010013580322265625, -0.001239776611328125, -0.1216888427734375, -0.001430511474609375, -0.0012278556823730469, -0.1215219497680664, -0.0012874603271484375, -0.0010728836059570312, -0.12197494506835938, -0.001239776611328125, -0.0005960464477539062, -0.1230478286743164, -0.0007152557373046875, -0.0002503395080566406, -0.1241445541381836, 0.0001430511474609375, -0.0023603439331054688, -0.12600421905517578, 0.0020503997802734375, -0.004172325134277344, -0.12688636779785156, 0.00286102294921875, -0.0003695487976074219, -0.12447834014892578, 0.0015735626220703125, -0.001430511474609375, -0.12221336364746094, -0.0015735626220703125, -0.0015020370483398438, -0.12004375457763672, -0.0013828277587890625, -0.0013113021850585938, -0.119781494140625, -0.000858306884765625, -0.00013113021850585938, -0.11680126190185547, -0.0004291534423828125, 0.0003218650817871094, -0.11553764343261719, -9.5367431640625e-05, 0.0002741813659667969, -0.1157999038696289, -0.0003814697265625, 0.00021457672119140625, -0.11608600616455078, -0.0005245208740234375, 0.00015497207641601562, -0.11637210845947266, -0.0005245208740234375, -0.0005841255187988281, -0.11801719665527344, -0.00095367431640625, -0.0005960464477539062, -0.12080669403076172, -0.0003337860107421875, -0.0002741813659667969, -0.12395381927490234, 0.0003814697265625, -0.0025510787963867188, -0.12693405151367188, 0.0021457672119140625, -0.0036954879760742188, -0.1287221908569336, 0.0027179718017578125, 0.000858306884765625, -0.12218952178955078, 0.0001430511474609375, -0.0010967254638671875, -0.12066364288330078, -0.00133514404296875, -0.0012159347534179688, -0.12052059173583984, -0.0011444091796875, 2.384185791015625e-05, -0.11742115020751953, -0.000667572021484375, 5.9604644775390625e-05, -0.1157522201538086, 4.76837158203125e-05, -0.0002741813659667969, -0.11553764343261719, 0.0006198883056640625, -0.0004172325134277344, -0.11556148529052734, 0.0007152557373046875, -0.00040531158447265625, -0.11563301086425781, 0.000667572021484375, -0.000476837158203125, -0.11570453643798828, 0.000667572021484375, -0.0002741813659667969, -0.11599063873291016, 0.00057220458984375, 0.00011920928955078125, -0.1165628433227539, 0.0, 0.0002980232238769531, -0.11730194091796875, -0.0007152557373046875, -0.0004887580871582031, -0.1191854476928711, -0.0011920928955078125, -0.0002384185791015625, -0.12292861938476562, -0.0004291534423828125, -0.0005841255187988281, -0.12688636779785156, 0.0024318695068359375, -0.0038385391235351562, -0.13039112091064453, 0.0022411346435546875, 0.0003814697265625, -0.12099742889404297, -0.0006198883056640625, -0.0006198883056640625, -0.12111663818359375, -0.000667572021484375, 0.0002980232238769531, -0.11799335479736328, 0.0003337860107421875, 0.00015497207641601562, -0.1178741455078125, 0.0008106231689453125, -4.76837158203125e-05, -0.11794567108154297, 0.000858306884765625, -4.76837158203125e-05, -0.1178741455078125, 0.0008106231689453125, -5.9604644775390625e-05, -0.11782646179199219, 0.0008106231689453125, -5.9604644775390625e-05, -0.11780261993408203, 0.000762939453125, -5.9604644775390625e-05, -0.11782646179199219, 0.000762939453125, -3.5762786865234375e-05, -0.11792182922363281, 0.000762939453125, -3.5762786865234375e-05, -0.1180887222290039, 0.000762939453125, 0.00013113021850585938, -0.1184701919555664, 0.000667572021484375, 0.00045299530029296875, -0.1192331314086914, 9.5367431640625e-05, 0.0014424324035644531, -0.12066364288330078, -0.0006198883056640625, 3.5762786865234375e-05, -0.12421607971191406, 0.0001430511474609375, -0.00133514404296875, -0.12900829315185547, 0.0018596649169921875, 0.0008463859558105469, -0.12192726135253906, -0.0006198883056640625, -0.00057220458984375, -0.12068748474121094, 0.0020503997802734375, -0.0012159347534179688, -0.11816024780273438, 0.002956390380859375, -0.0012516975402832031, -0.11773109436035156, 0.00247955322265625, -0.0012636184692382812, -0.11785030364990234, 0.002574920654296875, -0.0013113021850585938, -0.11782646179199219, 0.0025272369384765625, -0.0013232231140136719, -0.11780261993408203, 0.0025272369384765625, -0.0013232231140136719, -0.11780261993408203, 0.00247955322265625, -0.0013232231140136719, -0.11780261993408203, 0.00247955322265625, -0.0013232231140136719, -0.11780261993408203, 0.00247955322265625, -0.0013232231140136719, -0.11780261993408203, 0.00247955322265625, -0.0013232231140136719, -0.11785030364990234, 0.00247955322265625, -0.0013113021850585938, -0.11792182922363281, 0.00247955322265625, -0.0012993812561035156, -0.11820793151855469, 0.002384185791015625, -0.0013828277587890625, -0.11870861053466797, 0.00247955322265625, -0.000667572021484375, -0.12011528015136719, 0.0018596649169921875, -0.0007867813110351562, -0.1237630844116211, 0.001811981201171875, -0.0024199485778808594, -0.12743473052978516, 0.000762939453125, 0.002110004425048828, -0.122833251953125, 0.0019073486328125, 0.00152587890625, -0.12192726135253906, 0.0013828277587890625, 0.0027418136596679688, -0.1195669174194336, -0.00171661376953125, 0.0023603439331054688, -0.12001991271972656, -0.002288818359375, 0.0023365020751953125, -0.12004375457763672, -0.0024318695068359375, 0.0023126602172851562, -0.12004375457763672, -0.0024318695068359375, 0.0023126602172851562, -0.12004375457763672, -0.0024318695068359375, 0.0023126602172851562, -0.12004375457763672, -0.0024318695068359375, 0.0023126602172851562, -0.12004375457763672, -0.0024318695068359375, 0.0023126602172851562, -0.12004375457763672, -0.0024318695068359375, 0.0023126602172851562, -0.12004375457763672, -0.0024318695068359375, 0.0023126602172851562, -0.12004375457763672, -0.0024318695068359375, 0.0023245811462402344, -0.12006759643554688, -0.0024318695068359375, 0.002276897430419922, -0.12013912200927734, -0.002384185791015625, 0.0022649765014648438, -0.12030601501464844, -0.00247955322265625, 0.0018358230590820312, -0.12068748474121094, -0.0025272369384765625, 0.0015735626220703125, -0.12269020080566406, -0.0023365020751953125, -0.0007390975952148438, -0.12753009796142578, -0.0018596649169921875, 0.0015020370483398438, -0.12769699096679688, -0.00019073486328125, 0.000476837158203125, -0.12536048889160156, -0.0010967254638671875]}]}