{"inputs": [{"shape": {"batch": 100, "height": 1, "width": 1, "channels": 3}, "name": "inputFeature", "data": [-0.468999981880188, 0.5230379700660706, -0.47099998593330383, -0.41899996995925903, 0.5230379700660706, -0.47099998593330383, -0.3689999580383301, 0.5230379700660706, -0.47099998593330383, -0.3189999461174011, 0.5230379700660706, -0.47099998593330383, -0.26899993419647217, 0.5230379700660706, -0.47099998593330383, -0.2189999520778656, 0.5230379700660706, -0.47099998593330383, -0.16899995505809784, 0.5230379700660706, -0.47099998593330383, -0.11899996548891068, 0.5230379700660706, -0.47099998593330383, -0.06899996846914291, 0.5230379700660706, -0.47099998593330383, -0.018999963998794556, 0.5230379700660706, -0.47099998593330383, 0.031000036746263504, 0.5230379700660706, -0.47099998593330383, 0.08100003749132156, 0.5230379700660706, -0.47099998593330383, 0.13100004196166992, 0.5230379700660706, -0.47099998593330383, 0.18100003898143768, 0.5230379700660706, -0.47099998593330383, 0.23100003600120544, 0.5230379700660706, -0.47099998593330383, 0.2810000479221344, 0.5230379700660706, -0.47099998593330383, 0.33100005984306335, 0.5230379700660706, -0.47099998593330383, 0.3810000717639923, 0.5230379700660706, -0.47099998593330383, 0.43100008368492126, 0.5230379700660706, -0.47099998593330383, 0.4810000956058502, 0.5230379700660706, -0.47099998593330383, -0.468999981880188, 0.5730380415916443, -0.47099998593330383, -0.41899996995925903, 0.5730380415916443, -0.47099998593330383, -0.3689999580383301, 0.5730380415916443, -0.47099998593330383, -0.3189999461174011, 0.5730380415916443, -0.47099998593330383, -0.26899993419647217, 0.5730380415916443, -0.47099998593330383, -0.2189999520778656, 0.5730380415916443, -0.47099998593330383, -0.16899995505809784, 0.5730380415916443, -0.47099998593330383, -0.11899996548891068, 0.5730380415916443, -0.47099998593330383, -0.06899996846914291, 0.5730380415916443, -0.47099998593330383, -0.018999963998794556, 0.5730380415916443, -0.47099998593330383, 0.031000036746263504, 0.5730380415916443, -0.47099998593330383, 0.08100003749132156, 0.5730380415916443, -0.47099998593330383, 0.13100004196166992, 0.5730380415916443, -0.47099998593330383, 0.18100003898143768, 0.5730380415916443, -0.47099998593330383, 0.23100003600120544, 0.5730380415916443, -0.47099998593330383, 0.2810000479221344, 0.5730380415916443, -0.47099998593330383, 0.33100005984306335, 0.5730380415916443, -0.47099998593330383, 0.3810000717639923, 0.5730380415916443, -0.47099998593330383, 0.43100008368492126, 0.5730380415916443, -0.47099998593330383, 0.4810000956058502, 0.5730380415916443, -0.47099998593330383, -0.468999981880188, 0.6230379939079285, -0.47099998593330383, -0.41899996995925903, 0.6230379939079285, -0.47099998593330383, -0.3689999580383301, 0.6230379939079285, -0.47099998593330383, -0.3189999461174011, 0.6230379939079285, -0.47099998593330383, -0.26899993419647217, 0.6230379939079285, -0.47099998593330383, -0.2189999520778656, 0.6230379939079285, -0.47099998593330383, -0.16899995505809784, 0.6230379939079285, -0.47099998593330383, -0.11899996548891068, 0.6230379939079285, -0.47099998593330383, -0.06899996846914291, 0.6230379939079285, -0.47099998593330383, -0.018999963998794556, 0.6230379939079285, -0.47099998593330383, 0.031000036746263504, 0.6230379939079285, -0.47099998593330383, 0.08100003749132156, 0.6230379939079285, -0.47099998593330383, 0.13100004196166992, 0.6230379939079285, -0.47099998593330383, 0.18100003898143768, 0.6230379939079285, -0.47099998593330383, 0.23100003600120544, 0.6230379939079285, -0.47099998593330383, 0.2810000479221344, 0.6230379939079285, -0.47099998593330383, 0.33100005984306335, 0.6230379939079285, -0.47099998593330383, 0.3810000717639923, 0.6230379939079285, -0.47099998593330383, 0.43100008368492126, 0.6230379939079285, -0.47099998593330383, 0.4810000956058502, 0.6230379939079285, -0.47099998593330383, -0.468999981880188, 0.6730380654335022, -0.47099998593330383, -0.41899996995925903, 0.6730380654335022, -0.47099998593330383, -0.3689999580383301, 0.6730380654335022, -0.47099998593330383, -0.3189999461174011, 0.6730380654335022, -0.47099998593330383, -0.26899993419647217, 0.6730380654335022, -0.47099998593330383, -0.2189999520778656, 0.6730380654335022, -0.47099998593330383, -0.16899995505809784, 0.6730380654335022, -0.47099998593330383, -0.11899996548891068, 0.6730380654335022, -0.47099998593330383, -0.06899996846914291, 0.6730380654335022, -0.47099998593330383, -0.018999963998794556, 0.6730380654335022, -0.47099998593330383, 0.031000036746263504, 0.6730380654335022, -0.47099998593330383, 0.08100003749132156, 0.6730380654335022, -0.47099998593330383, 0.13100004196166992, 0.6730380654335022, -0.47099998593330383, 0.18100003898143768, 0.6730380654335022, -0.47099998593330383, 0.23100003600120544, 0.6730380654335022, -0.47099998593330383, 0.2810000479221344, 0.6730380654335022, -0.47099998593330383, 0.33100005984306335, 0.6730380654335022, -0.47099998593330383, 0.3810000717639923, 0.6730380654335022, -0.47099998593330383, 0.43100008368492126, 0.6730380654335022, -0.47099998593330383, 0.4810000956058502, 0.6730380654335022, -0.47099998593330383, -0.468999981880188, 0.7230380177497864, -0.47099998593330383, -0.41899996995925903, 0.7230380177497864, -0.47099998593330383, -0.3689999580383301, 0.7230380177497864, -0.47099998593330383, -0.3189999461174011, 0.7230380177497864, -0.47099998593330383, -0.26899993419647217, 0.7230380177497864, -0.47099998593330383, -0.2189999520778656, 0.7230380177497864, -0.47099998593330383, -0.16899995505809784, 0.7230380177497864, -0.47099998593330383, -0.11899996548891068, 0.7230380177497864, -0.47099998593330383, -0.06899996846914291, 0.7230380177497864, -0.47099998593330383, -0.018999963998794556, 0.7230380177497864, -0.47099998593330383, 0.031000036746263504, 0.7230380177497864, -0.47099998593330383, 0.08100003749132156, 0.7230380177497864, -0.47099998593330383, 0.13100004196166992, 0.7230380177497864, -0.47099998593330383, 0.18100003898143768, 0.7230380177497864, -0.47099998593330383, 0.23100003600120544, 0.7230380177497864, -0.47099998593330383, 0.2810000479221344, 0.7230380177497864, -0.47099998593330383, 0.33100005984306335, 0.7230380177497864, -0.47099998593330383, 0.3810000717639923, 0.7230380177497864, -0.47099998593330383, 0.43100008368492126, 0.7230380177497864, -0.47099998593330383, 0.4810000956058502, 0.7230380177497864, -0.47099998593330383]}]}