{"inputs": [{"shape": {"batch": 100, "height": 1, "width": 1, "channels": 3}, "name": "inputFeature", "data": [-0.4689897298812866, 0.5224171876907349, -0.4709972143173218, -0.41900891065597534, 0.5224341154098511, -0.47099360823631287, -0.3690011501312256, 0.5224483013153076, -0.47099512815475464, -0.31899505853652954, 0.5224599242210388, -0.47099611163139343, -0.26899513602256775, 0.5224573612213135, -0.47099578380584717, -0.21899522840976715, 0.5224573016166687, -0.4709957540035248, -0.1689952313899994, 0.5224573016166687, -0.4709957540035248, -0.11899523437023163, 0.5224573016166687, -0.4709957540035248, -0.06899523735046387, 0.5224573016166687, -0.4709957540035248, -0.018995236605405807, 0.5224573016166687, -0.4709957540035248, 0.031004764139652252, 0.5224573016166687, -0.4709957540035248, 0.08100476861000061, 0.5224573016166687, -0.4709957540035248, 0.13100476562976837, 0.5224573016166687, -0.4709957540035248, 0.18100476264953613, 0.5224573016166687, -0.4709957540035248, 0.2310047596693039, 0.5224573016166687, -0.4709957540035248, 0.28100457787513733, 0.5224572420120239, -0.4709957242012024, 0.3310028910636902, 0.5224576592445374, -0.4709954261779785, 0.38100406527519226, 0.5224448442459106, -0.4709957540035248, 0.43100908398628235, 0.5224177837371826, -0.47099724411964417, 0.480995774269104, 0.5223829746246338, -0.470999538898468, -0.46898025274276733, 0.5724992752075195, -0.470998078584671, -0.41900718212127686, 0.5726234316825867, -0.4709928631782532, -0.3689992129802704, 0.5726261138916016, -0.4709957242012024, -0.31899213790893555, 0.5726397633552551, -0.47099679708480835, -0.2689932882785797, 0.572634756565094, -0.4709962010383606, -0.2189933806657791, 0.5726345181465149, -0.4709962010383606, -0.16899338364601135, 0.5726345181465149, -0.4709962010383606, -0.11899340152740479, 0.5726345181465149, -0.4709962010383606, -0.06899340450763702, 0.5726345181465149, -0.4709962010383606, -0.018993400037288666, 0.5726345181465149, -0.4709962010383606, 0.031006600707769394, 0.5726345181465149, -0.4709962010383606, 0.08100660145282745, 0.5726345181465149, -0.4709962010383606, 0.1310066133737564, 0.5726345181465149, -0.4709962010383606, 0.18100661039352417, 0.5726345181465149, -0.4709962010383606, 0.23100659251213074, 0.5726345181465149, -0.4709962010383606, 0.2810061573982239, 0.5726341605186462, -0.47099611163139343, 0.33100172877311707, 0.5726293921470642, -0.47099485993385315, 0.3810092508792877, 0.5726007223129272, -0.47099414467811584, 0.4310193359851837, 0.5725933909416199, -0.47099289298057556, 0.48098477721214294, 0.5724688172340393, -0.47100314497947693, -0.46896448731422424, 0.6224466562271118, -0.47100725769996643, -0.4190017282962799, 0.6225531101226807, -0.4709981381893158, -0.3689899146556854, 0.6225952506065369, -0.47099506855010986, -0.31898075342178345, 0.6226298809051514, -0.4709926247596741, -0.26898297667503357, 0.62262362241745, -0.4709910750389099, -0.21898317337036133, 0.6226234436035156, -0.47099101543426514, -0.16898317635059357, 0.6226234436035156, -0.47099101543426514, -0.118983194231987, 0.6226234436035156, -0.47099101543426514, -0.06898319721221924, 0.6226234436035156, -0.47099101543426514, -0.01898318901658058, 0.6226234436035156, -0.47099101543426514, 0.031016811728477478, 0.6226234436035156, -0.47099101543426514, 0.08101680874824524, 0.6226234436035156, -0.47099101543426514, 0.1310168206691742, 0.6226234436035156, -0.47099101543426514, 0.18101681768894196, 0.6226234436035156, -0.47099101543426514, 0.23101679980754852, 0.6226233839988708, -0.47099098563194275, 0.2810165584087372, 0.622622549533844, -0.4709908664226532, 0.33101436495780945, 0.6226148009300232, -0.4709895849227905, 0.3810077905654907, 0.6225790977478027, -0.470992773771286, 0.4309667646884918, 0.6225498914718628, -0.47100743651390076, 0.48096469044685364, 0.6224522590637207, -0.4709969162940979, -0.46895632147789, 0.6724475622177124, -0.4710165858268738, -0.41902419924736023, 0.6726204752922058, -0.4710104465484619, -0.3690199851989746, 0.6726875305175781, -0.4710051119327545, -0.3190149962902069, 0.6727200150489807, -0.471015989780426, -0.2690168619155884, 0.6727178692817688, -0.471015065908432, -0.21901705861091614, 0.6727179288864136, -0.47101497650146484, -0.16901706159114838, 0.6727179288864136, -0.47101497650146484, -0.11901706457138062, 0.6727179288864136, -0.47101497650146484, -0.06901706755161285, 0.6727179288864136, -0.47101497650146484, -0.019017064943909645, 0.6727179288864136, -0.47101497650146484, 0.030982935801148415, 0.6727179288864136, -0.47101497650146484, 0.08098293840885162, 0.6727179288864136, -0.47101497650146484, 0.13098293542861938, 0.6727179288864136, -0.47101497650146484, 0.18098293244838715, 0.6727179288864136, -0.47101497650146484, 0.2309829294681549, 0.6727178692817688, -0.47101497650146484, 0.28098270297050476, 0.6727168560028076, -0.4710148572921753, 0.330977201461792, 0.6727020144462585, -0.4710122048854828, 0.3809611201286316, 0.6726583242416382, -0.4709934592247009, 0.4309680163860321, 0.6725867390632629, -0.47101548314094543, 0.4809439778327942, 0.6724878549575806, -0.4709925353527069, -0.46896955370903015, 0.7223359942436218, -0.4710041880607605, -0.41903045773506165, 0.7223299741744995, -0.4710240662097931, -0.36904311180114746, 0.7223763465881348, -0.4710146486759186, -0.3190344274044037, 0.7223955392837524, -0.47101420164108276, -0.26903435587882996, 0.722394585609436, -0.4710135757923126, -0.21903449296951294, 0.722394585609436, -0.4710135757923126, -0.16903449594974518, 0.722394585609436, -0.4710135757923126, -0.11903450638055801, 0.722394585609436, -0.4710135757923126, -0.06903450936079025, 0.722394585609436, -0.4710135757923126, -0.019034506753087044, 0.722394585609436, -0.4710135757923126, 0.030965493991971016, 0.722394585609436, -0.4710135757923126, 0.08096549659967422, 0.722394585609436, -0.4710135757923126, 0.13096550107002258, 0.722394585609436, -0.4710135757923126, 0.18096549808979034, 0.722394585609436, -0.4710135757923126, 0.2309654951095581, 0.722394585609436, -0.47101354598999023, 0.28096526861190796, 0.7223938703536987, -0.47101351618766785, 0.33095982670783997, 0.7223847508430481, -0.4710131883621216, 0.3809748589992523, 0.7223436236381531, -0.4710129201412201, 0.4309951961040497, 0.7222959399223328, -0.4709899425506592, 0.48093512654304504, 0.7223249673843384, -0.47099030017852783]}]}