{"inputs": [{"shape": {"batch": 100, "height": 1, "width": 1, "channels": 3}, "name": "inputFeature", "data": [0.30000001192092896, -0.19619999825954437, 0.20000000298023224, 0.30000001192092896, -0.19619999825954437, 0.20000000298023224, 0.30000001192092896, -0.19619999825954437, 0.20000000298023224, 0.30000001192092896, -0.19619999825954437, 0.20000000298023224, 0.30000001192092896, -0.19619999825954437, 0.20000000298023224, 0.30000001192092896, -0.19619999825954437, 0.20000000298023224, 0.30000001192092896, -0.19619999825954437, 0.20000000298023224, 0.30000001192092896, -0.19619999825954437, 0.20000000298023224, 0.30000001192092896, -0.19619999825954437, 0.20000000298023224, 0.30000001192092896, -0.19619999825954437, 0.20000000298023224, 0.30000001192092896, -0.19619999825954437, 0.20000000298023224, 0.30000001192092896, -0.19619999825954437, 0.20000000298023224, 0.30000001192092896, -0.19619999825954437, 0.20000000298023224, 0.30000001192092896, -0.19619999825954437, 0.20000000298023224, 0.30000001192092896, -0.19619999825954437, 0.20000000298023224, 0.30000001192092896, -0.19619999825954437, 0.20000000298023224, 0.30000001192092896, -0.19619999825954437, 0.20000000298023224, 0.30000001192092896, -0.19619999825954437, 0.20000000298023224, 0.30000001192092896, -0.19619999825954437, 0.20000000298023224, 0.30000001192092896, -0.19619999825954437, 0.20000000298023224, 0.30000001192092896, -0.19619999825954437, 0.20000000298023224, 0.30000001192092896, -0.19619999825954437, 0.20000000298023224, 0.30000001192092896, -0.19619999825954437, 0.20000000298023224, 0.30000001192092896, -0.19619999825954437, 0.20000000298023224, 0.30000001192092896, -0.19619999825954437, 0.20000000298023224, 0.30000001192092896, -0.19619999825954437, 0.20000000298023224, 0.30000001192092896, -0.19619999825954437, 0.20000000298023224, 0.30000001192092896, -0.19619999825954437, 0.20000000298023224, 0.30000001192092896, -0.19619999825954437, 0.20000000298023224, 0.30000001192092896, -0.19619999825954437, 0.20000000298023224, 0.30000001192092896, -0.19619999825954437, 0.20000000298023224, 0.30000001192092896, -0.19619999825954437, 0.20000000298023224, 0.30000001192092896, -0.19619999825954437, 0.20000000298023224, 0.30000001192092896, -0.19619999825954437, 0.20000000298023224, 0.30000001192092896, -0.19619999825954437, 0.20000000298023224, 0.30000001192092896, -0.19619999825954437, 0.20000000298023224, 0.30000001192092896, -0.19619999825954437, 0.20000000298023224, 0.30000001192092896, -0.19619999825954437, 0.20000000298023224, 0.30000001192092896, -0.19619999825954437, 0.20000000298023224, 0.30000001192092896, -0.19619999825954437, 0.20000000298023224, 0.30000001192092896, -0.19619999825954437, 0.20000000298023224, 0.30000001192092896, -0.19619999825954437, 0.20000000298023224, 0.30000001192092896, -0.19619999825954437, 0.20000000298023224, 0.30000001192092896, -0.19619999825954437, 0.20000000298023224, 0.30000001192092896, -0.19619999825954437, 0.20000000298023224, 0.30000001192092896, -0.19619999825954437, 0.20000000298023224, 0.30000001192092896, -0.19619999825954437, 0.20000000298023224, 0.30000001192092896, -0.19619999825954437, 0.20000000298023224, 0.30000001192092896, -0.19619999825954437, 0.20000000298023224, 0.30000001192092896, -0.19619999825954437, 0.20000000298023224, 0.30000001192092896, -0.19619999825954437, 0.20000000298023224, 0.30000001192092896, -0.19619999825954437, 0.20000000298023224, 0.30000001192092896, -0.19619999825954437, 0.20000000298023224, 0.30000001192092896, -0.19619999825954437, 0.20000000298023224, 0.30000001192092896, -0.19619999825954437, 0.20000000298023224, 0.30000001192092896, -0.19619999825954437, 0.20000000298023224, 0.30000001192092896, -0.19619999825954437, 0.20000000298023224, 0.30000001192092896, -0.19619999825954437, 0.20000000298023224, 0.30000001192092896, -0.19619999825954437, 0.20000000298023224, 0.30000001192092896, -0.19619999825954437, 0.20000000298023224, 0.30000001192092896, -0.19619999825954437, 0.20000000298023224, 0.30000001192092896, -0.19619999825954437, 0.20000000298023224, 0.30000001192092896, -0.19619999825954437, 0.20000000298023224, 0.30000001192092896, -0.19619999825954437, 0.20000000298023224, 0.30000001192092896, -0.19619999825954437, 0.20000000298023224, 0.30000001192092896, -0.19619999825954437, 0.20000000298023224, 0.30000001192092896, -0.19619999825954437, 0.20000000298023224, 0.30000001192092896, -0.19619999825954437, 0.20000000298023224, 0.30000001192092896, -0.19619999825954437, 0.20000000298023224, 0.30000001192092896, -0.19619999825954437, 0.20000000298023224, 0.30000001192092896, -0.19619999825954437, 0.20000000298023224, 0.30000001192092896, -0.19619999825954437, 0.20000000298023224, 0.30000001192092896, -0.19619999825954437, 0.20000000298023224, 0.30000001192092896, -0.19619999825954437, 0.20000000298023224, 0.30000001192092896, -0.19619999825954437, 0.20000000298023224, 0.30000001192092896, -0.19619999825954437, 0.20000000298023224, 0.30000001192092896, -0.19619999825954437, 0.20000000298023224, 0.30000001192092896, -0.19619999825954437, 0.20000000298023224, 0.30000001192092896, -0.19619999825954437, 0.20000000298023224, 0.30000001192092896, -0.19619999825954437, 0.20000000298023224, 0.30000001192092896, -0.19619999825954437, 0.20000000298023224, 0.30000001192092896, -0.19619999825954437, 0.20000000298023224, 0.30000001192092896, -0.19619999825954437, 0.20000000298023224, 0.30000001192092896, -0.19619999825954437, 0.20000000298023224, 0.30000001192092896, -0.19619999825954437, 0.20000000298023224, 0.30000001192092896, -0.19619999825954437, 0.20000000298023224, 0.30000001192092896, -0.19619999825954437, 0.20000000298023224, 0.30000001192092896, -0.19619999825954437, 0.20000000298023224, 0.30000001192092896, -0.19619999825954437, 0.20000000298023224, 0.30000001192092896, -0.19619999825954437, 0.20000000298023224, 0.30000001192092896, -0.19619999825954437, 0.20000000298023224, 0.30000001192092896, -0.19619999825954437, 0.20000000298023224, 0.30000001192092896, -0.19619999825954437, 0.20000000298023224, 0.30000001192092896, -0.19619999825954437, 0.20000000298023224, 0.30000001192092896, -0.19619999825954437, 0.20000000298023224, 0.30000001192092896, -0.19619999825954437, 0.20000000298023224, 0.30000001192092896, -0.19619999825954437, 0.20000000298023224, 0.30000001192092896, -0.19619999825954437, 0.20000000298023224, 0.30000001192092896, -0.19619999825954437, 0.20000000298023224, 0.30000001192092896, -0.19619999825954437, 0.20000000298023224]}]}