{"inputs": [{"shape": {"batch": 10, "height": 1, "width": 1, "channels": 3}, "name": "inputFeature", "data": [-0.468999981880188, 0.5230379700660706, -0.47099998593330383, -0.41899996995925903, 0.5230379700660706, -0.47099998593330383, -0.3689999580383301, 0.5230379700660706, -0.47099998593330383, -0.3189999461174011, 0.5230379700660706, -0.47099998593330383, -0.26899993419647217, 0.5230379700660706, -0.47099998593330383, -0.2189999520778656, 0.5230379700660706, -0.47099998593330383, -0.16899995505809784, 0.5230379700660706, -0.47099998593330383, -0.11899996548891068, 0.5230379700660706, -0.47099998593330383, -0.06899996846914291, 0.5230379700660706, -0.47099998593330383, -0.018999963998794556, 0.5230379700660706, -0.47099998593330383]}]}