{"inputs": [{"shape": {"batch": 100, "height": 1, "width": 1, "channels": 3}, "name": "inputFeature", "data": [-0.4749999940395355, 0.5249999761581421, -0.4749999940395355, -0.42499998211860657, 0.5249999761581421, -0.4749999940395355, -0.3749999701976776, 0.5249999761581421, -0.4749999940395355, -0.32499995827674866, 0.5249999761581421, -0.4749999940395355, -0.2749999463558197, 0.5249999761581421, -0.4749999940395355, -0.22499994933605194, 0.5249999761581421, -0.4749999940395355, -0.17499995231628418, 0.5249999761581421, -0.4749999940395355, -0.12499996274709702, 0.5249999761581421, -0.4749999940395355, -0.07499996572732925, 0.5249999761581421, -0.4749999940395355, -0.024999963119626045, 0.5249999761581421, -0.4749999940395355, 0.025000037625432014, 0.5249999761581421, -0.4749999940395355, 0.07500004023313522, 0.5249999761581421, -0.4749999940395355, 0.12500004470348358, 0.5249999761581421, -0.4749999940395355, 0.17500004172325134, 0.5249999761581421, -0.4749999940395355, 0.2250000387430191, 0.5249999761581421, -0.4749999940395355, 0.27500003576278687, 0.5249999761581421, -0.4749999940395355, 0.3250000476837158, 0.5249999761581421, -0.4749999940395355, 0.3750000596046448, 0.5249999761581421, -0.4749999940395355, 0.42500007152557373, 0.5249999761581421, -0.4749999940395355, 0.4750000834465027, 0.5249999761581421, -0.4749999940395355, -0.4749999940395355, 0.5750000476837158, -0.4749999940395355, -0.42499998211860657, 0.5750000476837158, -0.4749999940395355, -0.3749999701976776, 0.5750000476837158, -0.4749999940395355, -0.32499995827674866, 0.5750000476837158, -0.4749999940395355, -0.2749999463558197, 0.5750000476837158, -0.4749999940395355, -0.22499994933605194, 0.5750000476837158, -0.4749999940395355, -0.17499995231628418, 0.5750000476837158, -0.4749999940395355, -0.12499996274709702, 0.5750000476837158, -0.4749999940395355, -0.07499996572732925, 0.5750000476837158, -0.4749999940395355, -0.024999963119626045, 0.5750000476837158, -0.4749999940395355, 0.025000037625432014, 0.5750000476837158, -0.4749999940395355, 0.07500004023313522, 0.5750000476837158, -0.4749999940395355, 0.12500004470348358, 0.5750000476837158, -0.4749999940395355, 0.17500004172325134, 0.5750000476837158, -0.4749999940395355, 0.2250000387430191, 0.5750000476837158, -0.4749999940395355, 0.27500003576278687, 0.5750000476837158, -0.4749999940395355, 0.3250000476837158, 0.5750000476837158, -0.4749999940395355, 0.3750000596046448, 0.5750000476837158, -0.4749999940395355, 0.42500007152557373, 0.5750000476837158, -0.4749999940395355, 0.4750000834465027, 0.5750000476837158, -0.4749999940395355, -0.4749999940395355, 0.625, -0.4749999940395355, -0.42499998211860657, 0.625, -0.4749999940395355, -0.3749999701976776, 0.625, -0.4749999940395355, -0.32499995827674866, 0.625, -0.4749999940395355, -0.2749999463558197, 0.625, -0.4749999940395355, -0.22499994933605194, 0.625, -0.4749999940395355, -0.17499995231628418, 0.625, -0.4749999940395355, -0.12499996274709702, 0.625, -0.4749999940395355, -0.07499996572732925, 0.625, -0.4749999940395355, -0.024999963119626045, 0.625, -0.4749999940395355, 0.025000037625432014, 0.625, -0.4749999940395355, 0.07500004023313522, 0.625, -0.4749999940395355, 0.12500004470348358, 0.625, -0.4749999940395355, 0.17500004172325134, 0.625, -0.4749999940395355, 0.2250000387430191, 0.625, -0.4749999940395355, 0.27500003576278687, 0.625, -0.4749999940395355, 0.3250000476837158, 0.625, -0.4749999940395355, 0.3750000596046448, 0.625, -0.4749999940395355, 0.42500007152557373, 0.625, -0.4749999940395355, 0.4750000834465027, 0.625, -0.4749999940395355, -0.4749999940395355, 0.6750000715255737, -0.4749999940395355, -0.42499998211860657, 0.6750000715255737, -0.4749999940395355, -0.3749999701976776, 0.6750000715255737, -0.4749999940395355, -0.32499995827674866, 0.6750000715255737, -0.4749999940395355, -0.2749999463558197, 0.6750000715255737, -0.4749999940395355, -0.22499994933605194, 0.6750000715255737, -0.4749999940395355, -0.17499995231628418, 0.6750000715255737, -0.4749999940395355, -0.12499996274709702, 0.6750000715255737, -0.4749999940395355, -0.07499996572732925, 0.6750000715255737, -0.4749999940395355, -0.024999963119626045, 0.6750000715255737, -0.4749999940395355, 0.025000037625432014, 0.6750000715255737, -0.4749999940395355, 0.07500004023313522, 0.6750000715255737, -0.4749999940395355, 0.12500004470348358, 0.6750000715255737, -0.4749999940395355, 0.17500004172325134, 0.6750000715255737, -0.4749999940395355, 0.2250000387430191, 0.6750000715255737, -0.4749999940395355, 0.27500003576278687, 0.6750000715255737, -0.4749999940395355, 0.3250000476837158, 0.6750000715255737, -0.4749999940395355, 0.3750000596046448, 0.6750000715255737, -0.4749999940395355, 0.42500007152557373, 0.6750000715255737, -0.4749999940395355, 0.4750000834465027, 0.6750000715255737, -0.4749999940395355, -0.4749999940395355, 0.7250000238418579, -0.4749999940395355, -0.42499998211860657, 0.7250000238418579, -0.4749999940395355, -0.3749999701976776, 0.7250000238418579, -0.4749999940395355, -0.32499995827674866, 0.7250000238418579, -0.4749999940395355, -0.2749999463558197, 0.7250000238418579, -0.4749999940395355, -0.22499994933605194, 0.7250000238418579, -0.4749999940395355, -0.17499995231628418, 0.7250000238418579, -0.4749999940395355, -0.12499996274709702, 0.7250000238418579, -0.4749999940395355, -0.07499996572732925, 0.7250000238418579, -0.4749999940395355, -0.024999963119626045, 0.7250000238418579, -0.4749999940395355, 0.025000037625432014, 0.7250000238418579, -0.4749999940395355, 0.07500004023313522, 0.7250000238418579, -0.4749999940395355, 0.12500004470348358, 0.7250000238418579, -0.4749999940395355, 0.17500004172325134, 0.7250000238418579, -0.4749999940395355, 0.2250000387430191, 0.7250000238418579, -0.4749999940395355, 0.27500003576278687, 0.7250000238418579, -0.4749999940395355, 0.3250000476837158, 0.7250000238418579, -0.4749999940395355, 0.3750000596046448, 0.7250000238418579, -0.4749999940395355, 0.42500007152557373, 0.7250000238418579, -0.4749999940395355, 0.4750000834465027, 0.7250000238418579, -0.4749999940395355]}]}