{"inputs": [{"shape": {"batch": 100, "height": 1, "width": 1, "channels": 3}, "name": "inputFeature", "data": [1.02508765849052e-05, -0.0006207951810210943, 2.760709321592003e-06, -8.930837793741375e-06, -0.0006038656574673951, 6.37450284557417e-06, -1.2008604244329035e-06, -0.0005896741640754044, 4.865760274697095e-06, 4.885636371909641e-06, -0.0005780543433502316, 3.873447894875426e-06, 4.808782250620425e-06, -0.0005805878317914903, 4.188843377050944e-06, 4.730378350359388e-06, -0.0005806920817121863, 4.218876711092889e-06, 4.7282683226512745e-06, -0.0005806926637887955, 4.219376933178864e-06, 4.728259227704257e-06, -0.0005806926055811346, 4.21937966166297e-06, 4.728264684672467e-06, -0.0005806926637887955, 4.219382390147075e-06, 4.7282283048843965e-06, -0.0005806924891658127, 4.219384209136479e-06, 4.728235580842011e-06, -0.0005806925473734736, 4.219383299641777e-06, 4.728239218820818e-06, -0.0005806926055811346, 4.219387847115286e-06, 4.7282483137678355e-06, -0.0005806925473734736, 4.2193887566099875e-06, 4.7281519073294476e-06, -0.0005806926055811346, 4.219406946504023e-06, 4.71941166324541e-06, -0.0005806947010569274, 4.220694791001733e-06, 4.5257311285240576e-06, -0.000580726598855108, 4.251829523127526e-06, 2.8425492928363383e-06, -0.0005803150124847889, 4.55305416835472e-06, 4.001465640612878e-06, -0.0005931499763391912, 4.2286446841899306e-06, 8.995026291813701e-06, -0.0006202052463777363, 2.7530932129593566e-06, -4.319726940593682e-06, -0.0006550208781845868, 4.454159352462739e-07, 1.9734856323339045e-05, -0.0005387640558183193, 1.9083709048572928e-06, -7.224449291243218e-06, -0.00041460886131972075, 7.112934326869436e-06, 7.503331289626658e-07, -0.00041189813055098057, 4.2646288420655765e-06, 7.798971637384966e-06, -0.0003982867347076535, 3.1964509616955183e-06, 6.640749234065879e-06, -0.0004032982396893203, 3.7787285691592842e-06, 6.56613519822713e-06, -0.00040352356154471636, 3.7872832763241604e-06, 6.564065188285895e-06, -0.0004035246092826128, 3.7873478504479863e-06, 6.564025170519017e-06, -0.0004035246674902737, 3.7873505789320916e-06, 6.564065188285895e-06, -0.0004035247548017651, 3.7873505789320916e-06, 6.564050636370666e-06, -0.00040352472569793463, 3.7873596738791093e-06, 6.564019713550806e-06, -0.00040352484211325645, 3.787364221352618e-06, 6.564023351529613e-06, -0.00040352478390559554, 3.78736513084732e-06, 6.56402698950842e-06, -0.00040352478390559554, 3.787356945395004e-06, 6.5639651438687e-06, -0.00040352490032091737, 3.7873915061936714e-06, 6.549696081492584e-06, -0.00040353310760110617, 3.7907157093286514e-06, 6.1125065258238465e-06, -0.00040386326145380735, 3.880920303345192e-06, 1.6641160982544534e-06, -0.0004086603003088385, 5.133573722559959e-06, 9.185446288029198e-06, -0.0004373201518319547, 5.852501999470405e-06, 1.925485412357375e-05, -0.0004446274833753705, 7.084838216542266e-06, -1.531204179627821e-05, -0.0005691988626495004, -3.15640772896586e-06, 3.549277607817203e-05, -0.0005913531640544534, -7.265927706612274e-06, -1.7506736185168847e-06, -0.0004848560784012079, 1.8614591681398451e-06, 1.0052481229649857e-05, -0.000442765885964036, 4.926154360873625e-06, 1.9199065718567e-05, -0.00040814257226884365, 7.358016773650888e-06, 1.6950032659224235e-05, -0.00041434518061578274, 8.915842045098543e-06, 1.6776129996287636e-05, -0.000414577079936862, 8.982371582533233e-06, 1.6774749383330345e-05, -0.0004145748680457473, 8.981915016192943e-06, 1.6774791220086627e-05, -0.0004145746352151036, 8.981927749118768e-06, 1.6774856703705154e-05, -0.00041457434417679906, 8.981938663055189e-06, 1.677481304795947e-05, -0.0004145745770074427, 8.98192411113996e-06, 1.6774785763118416e-05, -0.0004145741695538163, 8.98191319720354e-06, 1.6774831237853505e-05, -0.0004145745187997818, 8.981931387097575e-06, 1.6774814866948873e-05, -0.00041457469342276454, 8.98191319720354e-06, 1.6774667528807186e-05, -0.00041457504266873, 8.981956852949224e-06, 1.6764710380812176e-05, -0.0004146078717894852, 8.987650289782323e-06, 1.6518726624781266e-05, -0.0004154234775342047, 9.128641977440566e-06, 1.4319733963930048e-05, -0.00042321428190916777, 1.0410398317617364e-05, 7.712323167652357e-06, -0.00045886903535574675, 7.21268770575989e-06, -3.3332173188682646e-05, -0.0004881208878941834, -7.441375601047184e-06, -3.541403930285014e-05, -0.0005857513169758022, 3.0831433832645416e-06, 4.365396307548508e-05, -0.0005904767313040793, -1.6612391846138053e-05, -2.4226803361671045e-05, -0.0004176070215180516, -1.0472797839611303e-05, -2.0026138372486457e-05, -0.00035052880411967635, -5.123931259731762e-06, -1.5059638826642185e-05, -0.00031805585604161024, -1.5999503375496715e-05, -1.6932874132180586e-05, -0.00032018148340284824, -1.508118657511659e-05, -1.709931530058384e-05, -0.0003201436484232545, -1.4988458133302629e-05, -1.7100337572628632e-05, -0.00032013910822570324, -1.4986948372097686e-05, -1.7100344848586246e-05, -0.00032013916643336415, -1.4986941096140072e-05, -1.7100293916882947e-05, -0.0003201389336027205, -1.498698111390695e-05, -1.710030483081937e-05, -0.0003201389918103814, -1.4986970199970528e-05, -1.7100323020713404e-05, -0.0003201393410563469, -1.4986952010076493e-05, -1.710032665869221e-05, -0.0003201389336027205, -1.4986901078373194e-05, -1.7100330296671018e-05, -0.00032013922464102507, -1.4986933820182458e-05, -1.7100323020713404e-05, -0.00032013951567932963, -1.498691926826723e-05, -1.710277865640819e-05, -0.0003201704239472747, -1.4984561858000234e-05, -1.734611942083575e-05, -0.0003212327719666064, -1.4879413356538862e-05, -2.2861848265165463e-05, -0.00033604330383241177, -1.2214655725983903e-05, -3.895464396919124e-05, -0.0003797330427914858, 6.531146937049925e-06, -3.2076433853944764e-05, -0.00045130396028980613, -1.548339605506044e-05, -5.612338281935081e-05, -0.0005502377171069384, 7.456874300260097e-06, 3.0416833396884613e-05, -0.0007020172197371721, -4.1935982153518125e-06, -3.0497754778480157e-05, -0.0007080620271153748, -2.4087372366921045e-05, -4.316164631745778e-05, -0.0006616847240366042, -1.4666347851743922e-05, -3.4477998269721866e-05, -0.0006424528546631336, -1.4216042472980917e-05, -3.443295645411126e-05, -0.0006434564711526036, -1.3579061487689614e-05, -3.454117177170701e-05, -0.0006434344686567783, -1.3576154742622748e-05, -3.454365651123226e-05, -0.0006434310926124454, -1.3576885976362973e-05, -3.454365287325345e-05, -0.0006434310926124454, -1.3577020581578836e-05, -3.454363832133822e-05, -0.0006434311508201063, -1.3576987839769572e-05, -3.454363104538061e-05, -0.0006434311508201063, -1.3576958735939115e-05, -3.454362376942299e-05, -0.0006434311508201063, -1.35770023916848e-05, -3.454363832133822e-05, -0.0006434312090277672, -1.3576991477748379e-05, -3.4543620131444186e-05, -0.0006434311508201063, -1.3576944184023887e-05, -3.454361285548657e-05, -0.0006434314418584108, -1.3576936908066273e-05, -3.454636316746473e-05, -0.0006434542592614889, -1.3574554031947628e-05, -3.477282007224858e-05, -0.0006441475707106292, -1.3536751794163138e-05, -4.022604116471484e-05, -0.000653243507258594, -1.319047441938892e-05, -2.5204670237144455e-05, -0.0006943685002624989, -1.2930253433296457e-05, -4.898434781352989e-06, -0.0007421010523103178, 1.003110173769528e-05, -6.495614070445299e-05, -0.0007130226586014032, 9.682406016509049e-06]}]}