{"inputs": [{"shape": {"batch": 10, "height": 1, "width": 1, "channels": 3}, "name": "inputFeature", "data": [0.3005683422088623, -0.13314485549926758, 0.20000189542770386, 0.2997100353240967, -0.1316070556640625, 0.19990205764770508, 0.299777090549469, -0.13085007667541504, 0.19988715648651123, 0.29970109462738037, -0.13053715229034424, 0.1998618245124817, 0.29968470335006714, -0.130540132522583, 0.19986480474472046, 0.2996765077114105, -0.13053715229034424, 0.19986629486083984, 0.29962658882141113, -0.13052523136138916, 0.1998692750930786, 0.2996068596839905, -0.13085901737213135, 0.1999109983444214, 0.29973724484443665, -0.1313537359237671, 0.19990652799606323, 0.29929104447364807, -0.1328974962234497, 0.19999444484710693]}]}