{"inputs": [{"shape": {"batch": 10, "height": 1, "width": 1, "channels": 3}, "name": "inputFeature", "data": [-0.4689886271953583, 0.5223370790481567, -0.47099995613098145, -0.41900578141212463, 0.5223678350448608, -0.4710019528865814, -0.36900442838668823, 0.5223829746246338, -0.4710022509098053, -0.31900593638420105, 0.5223892331123352, -0.4710027575492859, -0.26900625228881836, 0.5223891735076904, -0.4710026979446411, -0.21900641918182373, 0.5223892331123352, -0.4710026681423187, -0.16900742053985596, 0.5223894715309143, -0.47100260853767395, -0.11900782585144043, 0.5223827958106995, -0.4710017740726471, -0.06900522112846375, 0.5223729014396667, -0.47100186347961426, -0.0190141424536705, 0.5223420262336731, -0.4710001051425934]}]}