{"inputs": [{"shape": {"batch": 10, "height": 1, "width": 1, "channels": 3}, "name": "inputFeature", "data": [1.1341836398059968e-05, -0.0007008976535871625, 2.375782059971243e-08, -5.816159500682261e-06, -0.000670144276227802, -1.9567632989492267e-06, -4.458021066966467e-06, -0.0006549734389409423, -2.2659787646261975e-06, -5.989512828818988e-06, -0.0006487594218924642, -2.7650648917187937e-06, -6.316172402875964e-06, -0.0006487814243882895, -2.7092628442915156e-06, -6.4659634517738596e-06, -0.0006487387581728399, -2.696924639167264e-06, -7.469494448741898e-06, -0.0006485056364908814, -2.6235466066282243e-06, -7.85751581133809e-06, -0.0006551531841978431, -1.7916854631039314e-06, -5.251362381386571e-06, -0.0006650686264038086, -1.8854498193832114e-06, -1.4178629498928785e-05, -0.0006959522143006325, -1.3096178008709103e-07]}]}