{"inputs": [{"shape": {"batch": 10, "height": 1, "width": 1, "channels": 3}, "name": "inputFeature", "data": [-0.4749999940395355, 0.5249999761581421, -0.4749999940395355, -0.42499998211860657, 0.5249999761581421, -0.4749999940395355, -0.3749999701976776, 0.5249999761581421, -0.4749999940395355, -0.32499995827674866, 0.5249999761581421, -0.4749999940395355, -0.2749999463558197, 0.5249999761581421, -0.4749999940395355, -0.22499994933605194, 0.5249999761581421, -0.4749999940395355, -0.17499995231628418, 0.5249999761581421, -0.4749999940395355, -0.12499996274709702, 0.5249999761581421, -0.4749999940395355, -0.07499996572732925, 0.5249999761581421, -0.4749999940395355, -0.024999963119626045, 0.5249999761581421, -0.4749999940395355]}]}