{"inputs": [{"shape": {"batch": 100, "height": 1, "width": 1, "channels": 3}, "name": "inputFeature", "data": [0.30051320791244507, -0.12913942337036133, 0.20013898611068726, 0.2995535731315613, -0.12829303741455078, 0.2003192901611328, 0.2999410033226013, -0.12758374214172363, 0.2002432942390442, 0.3002449870109558, -0.12700259685516357, 0.2001941204071045, 0.30024051666259766, -0.12713074684143066, 0.20021051168441772, 0.3002360463142395, -0.12713372707366943, 0.2002120018005371, 0.3002360463142395, -0.12713372707366943, 0.2002120018005371, 0.30023643374443054, -0.12713372707366943, 0.2002120018005371, 0.30023643374443054, -0.12713372707366943, 0.2002120018005371, 0.3002363443374634, -0.12713372707366943, 0.2002120018005371, 0.3002363443374634, -0.12713372707366943, 0.2002120018005371, 0.30023643374443054, -0.12713372707366943, 0.2002120018005371, 0.3002360463142395, -0.12713372707366943, 0.2002120018005371, 0.3002360463142395, -0.12713372707366943, 0.2002120018005371, 0.3002360463142395, -0.12713372707366943, 0.2002120018005371, 0.3002271056175232, -0.1271367073059082, 0.2002134919166565, 0.30014216899871826, -0.12711584568023682, 0.20022839307785034, 0.30020028352737427, -0.12775659561157227, 0.2002120018005371, 0.3004506230354309, -0.12910962104797363, 0.20013749599456787, 0.2997845411300659, -0.13085007667541504, 0.20002275705337524, 0.3009870648384094, -0.12503862380981445, 0.2000957727432251, 0.2996399998664856, -0.11883080005645752, 0.20035654306411743, 0.30003786087036133, -0.11869668960571289, 0.2002134919166565, 0.3003910183906555, -0.11801421642303467, 0.20015984773635864, 0.3003329038619995, -0.11826455593109131, 0.20018965005874634, 0.30032843351364136, -0.11827647686004639, 0.20018965005874634, 0.30032843351364136, -0.11827647686004639, 0.20018965005874634, 0.3003280758857727, -0.11827647686004639, 0.20018965005874634, 0.3003280758857727, -0.11827647686004639, 0.20018965005874634, 0.30032816529273987, -0.11827647686004639, 0.20018965005874634, 0.30032816529273987, -0.11827647686004639, 0.20018965005874634, 0.3003280758857727, -0.11827647686004639, 0.20018965005874634, 0.30032843351364136, -0.11827647686004639, 0.20018965005874634, 0.30032843351364136, -0.11827647686004639, 0.20018965005874634, 0.30032768845558167, -0.11827647686004639, 0.20018965005874634, 0.3003060817718506, -0.118294358253479, 0.2001941204071045, 0.30008405447006226, -0.11853277683258057, 0.20025670528411865, 0.3004595637321472, -0.11996626853942871, 0.2002924680709839, 0.30096322298049927, -0.12033283710479736, 0.20035505294799805, 0.29923468828201294, -0.12656152248382568, 0.1998424530029297, 0.30177533626556396, -0.12766718864440918, 0.1996368169784546, 0.299912691116333, -0.1223444938659668, 0.20009279251098633, 0.3005027770996094, -0.12023746967315674, 0.20024627447128296, 0.3009602427482605, -0.11850595474243164, 0.2003684639930725, 0.30084848403930664, -0.11881887912750244, 0.20044595003128052, 0.30083879828453064, -0.11882781982421875, 0.2004489302635193, 0.30083879828453064, -0.11882781982421875, 0.2004489302635193, 0.300838440656662, -0.11882781982421875, 0.2004489302635193, 0.300838440656662, -0.11882781982421875, 0.2004489302635193, 0.3008387088775635, -0.11882781982421875, 0.2004489302635193, 0.3008387088775635, -0.11882781982421875, 0.2004489302635193, 0.300838440656662, -0.11882781982421875, 0.2004489302635193, 0.30083879828453064, -0.11882781982421875, 0.2004489302635193, 0.30083879828453064, -0.11882781982421875, 0.2004489302635193, 0.30083805322647095, -0.11883080005645752, 0.20045042037963867, 0.30082613229751587, -0.11887252330780029, 0.2004563808441162, 0.3007158637046814, -0.11925995349884033, 0.20052045583724976, 0.30038654804229736, -0.12104511260986328, 0.20036101341247559, 0.29833465814590454, -0.12250542640686035, 0.19962787628173828, 0.2982303500175476, -0.12738704681396484, 0.2001538872718811, 0.3021836280822754, -0.1276254653930664, 0.19917041063308716, 0.2987891435623169, -0.118979811668396, 0.19947737455368042, 0.29899924993515015, -0.11562705039978027, 0.1997441053390503, 0.2992480993270874, -0.11400282382965088, 0.19920021295547485, 0.29915422201156616, -0.11411011219024658, 0.19924640655517578, 0.29914453625679016, -0.11410713195800781, 0.19925087690353394, 0.29914453625679016, -0.11410713195800781, 0.19925087690353394, 0.2991449236869812, -0.11410713195800781, 0.19925087690353394, 0.2991449236869812, -0.11410713195800781, 0.19925087690353394, 0.2991449236869812, -0.11410713195800781, 0.19925087690353394, 0.2991449236869812, -0.11410713195800781, 0.19925087690353394, 0.2991449236869812, -0.11410713195800781, 0.19925087690353394, 0.29914453625679016, -0.11410713195800781, 0.19925087690353394, 0.29914453625679016, -0.11410713195800781, 0.19925087690353394, 0.29914453625679016, -0.11411011219024658, 0.19925087690353394, 0.2991333603858948, -0.11416077613830566, 0.19925683736801147, 0.2988576889038086, -0.11490285396575928, 0.19938945770263672, 0.2980530261993408, -0.11708736419677734, 0.20032674074172974, 0.2983972430229187, -0.12066662311553955, 0.1992255449295044, 0.2971947193145752, -0.1256108283996582, 0.20037293434143066, 0.30152201652526855, -0.1332014799118042, 0.19979029893875122, 0.2984762191772461, -0.13350248336791992, 0.19879639148712158, 0.29784291982650757, -0.13118386268615723, 0.19926726818084717, 0.29827654361724854, -0.13022422790527344, 0.19928961992263794, 0.2982795238494873, -0.13027191162109375, 0.19932091236114502, 0.2982728183269501, -0.13027191162109375, 0.19932091236114502, 0.2982728183269501, -0.13027191162109375, 0.19932091236114502, 0.2982728183269501, -0.13027191162109375, 0.19932091236114502, 0.2982728183269501, -0.13027191162109375, 0.19932091236114502, 0.2982728183269501, -0.13027191162109375, 0.19932091236114502, 0.2982728183269501, -0.13027191162109375, 0.19932091236114502, 0.2982728183269501, -0.13027191162109375, 0.19932091236114502, 0.2982728183269501, -0.13027191162109375, 0.19932091236114502, 0.2982728183269501, -0.13027191162109375, 0.19932091236114502, 0.2982728183269501, -0.13027191162109375, 0.1993224024772644, 0.2982616424560547, -0.13030767440795898, 0.1993238925933838, 0.2979889512062073, -0.13076364994049072, 0.19934028387069702, 0.2987399697303772, -0.1328200101852417, 0.19935369491577148, 0.2997562289237976, -0.13520419597625732, 0.20050257444381714, 0.2967521548271179, -0.13375282287597656, 0.20048469305038452]}]}